{
  "attack": {
    "Afghanistan": -0.6560771592074547,
    "Albania": -0.06559398535222197,
    "Algeria": 0.812508896404181,
    "Andorra": -1.190317449687883,
    "Angola": -0.2022928223710612,
    "Anguilla": -0.30919672734027653,
    "Argentina": 1.0752717606411395,
    "Armenia": 0.2965581992205104,
    "Aruba": -0.11060439597335607,
    "Australia": 0.6308783408539969,
    "Austria": 0.8514447218635389,
    "Azerbaijan": 0.13410910979269078,
    "Bahrain": 0.20815779877841026,
    "Bangladesh": -0.921578250056003,
    "Barbados": -0.1376043749990897,
    "Basque Country": -0.14262536904927037,
    "Belarus": -0.4179375927041568,
    "Belgium": 1.1426971693323218,
    "Belize": -0.6524132558763363,
    "Benin": 0.21679175092191338,
    "Bermuda": 0.2579641017152614,
    "Bolivia": 0.17565725742540908,
    "Bosnia and Herzegovina": 0.2837347113262064,
    "Botswana": -0.3111030993394653,
    "Brazil": 1.183657744124404,
    "Bulgaria": -0.5275518872461815,
    "Burkina Faso": 0.4625076449834993,
    "Burundi": -0.8569555184285899,
    "Cambodia": -0.5278288852383594,
    "Cameroon": 0.05578039660821163,
    "Canada": 0.6521077994944817,
    "Cape Verde": 0.20832183479020164,
    "Cayman Islands": -0.25777921701924716,
    "Central African Republic": 0.06722674490623474,
    "Chad": -0.5419852298447858,
    "Chile": 0.5847456099253533,
    "China": -0.25442589587686665,
    "Colombia": 0.9655317346351945,
    "Comoros": 0.3295979814343701,
    "Congo": -0.485839828688594,
    "Costa Rica": 0.030900775076445054,
    "Croatia": 0.9281127102390595,
    "Cuba": -0.691393583040052,
    "Cura\u00e7ao": 0.19801649719698408,
    "Cyprus": -0.3904080750763627,
    "Czech Republic": 0.7106904854860709,
    "DR Congo": 0.18039319227855832,
    "Denmark": 0.7573476458046726,
    "Djibouti": -0.7608790631450016,
    "Dominica": -0.22094563912096316,
    "Dominican Republic": 0.10382269327823085,
    "Ecuador": 0.5861075389591955,
    "Egypt": 0.46285038436540205,
    "El Salvador": -0.5685163319791986,
    "England": 1.1420695458297458,
    "Equatorial Guinea": 0.11407963306250224,
    "Estonia": -0.34136402592170956,
    "Eswatini": -0.3391746475921748,
    "Ethiopia": -0.07511473048721347,
    "Faroe Islands": -0.5603135367409748,
    "Fiji": -0.47085717012161826,
    "Finland": 0.5516675632980624,
    "France": 1.163696148469134,
    "French Guiana": 0.156485478587747,
    "Gabon": 0.6120795689287051,
    "Galicia": -0.38942864817164274,
    "Gambia": 0.22455884517587638,
    "Georgia": 0.49281134642395147,
    "Germany": 1.173496256152489,
    "Ghana": 0.3055416747166407,
    "Gibraltar": -1.5203321811727057,
    "Greece": 0.5977661563702488,
    "Grenada": -0.37610332916321676,
    "Guadeloupe": 0.4315292694468752,
    "Guatemala": -0.17825833922220538,
    "Guinea": 0.08555667412441614,
    "Guinea-Bissau": -0.9875877236180249,
    "Guyana": -0.3114680220722847,
    "Haiti": 0.2543013697470849,
    "Honduras": -0.004588480058460784,
    "Hong Kong": -0.8950806732804182,
    "Hungary": 0.4830232498347132,
    "Iceland": 0.3097513852614167,
    "India": -0.6032874720266851,
    "Indonesia": -0.1547558262281578,
    "Iran": 0.657532136017889,
    "Iraq": 0.07689116649003037,
    "Israel": 0.7058982836470152,
    "Italy": 0.8354262799242926,
    "Ivory Coast": 0.5158923348702127,
    "Jamaica": 0.2385752137900418,
    "Japan": 0.8552557825545385,
    "Jordan": 0.2647102039533357,
    "Kazakhstan": -0.30723726323949224,
    "Kenya": 0.03754002866054108,
    "Kosovo": 0.31210985606297537,
    "Kuwait": -0.2437663700184835,
    "Kyrgyzstan": 0.12209609446701,
    "Latvia": -0.2396210576619928,
    "Lebanon": -1.0295073371549386,
    "Lesotho": -0.42775321361276253,
    "Liberia": -0.33998870615552756,
    "Libya": 0.1416663216692006,
    "Liechtenstein": -1.5411287308399624,
    "Lithuania": -0.5391596746488894,
    "Luxembourg": -0.10007372906035436,
    "Madagascar": -0.042828481205920525,
    "Malawi": -0.9409965574141552,
    "Malaysia": -0.3408156481483252,
    "Maldives": -0.24088528211997676,
    "Mali": 0.4057785624447653,
    "Malta": -0.7783075720081167,
    "Martinique": -0.2261479920555231,
    "Mauritania": -0.5529254330903963,
    "Mauritius": -0.5473885948747347,
    "Mexico": 0.6503289477840554,
    "Moldova": -0.7155189605976424,
    "Mongolia": -0.36262879330360503,
    "Montenegro": 0.03330164041750841,
    "Montserrat": -0.09971403758808509,
    "Morocco": 0.6671504363002233,
    "Mozambique": -0.15590001449686797,
    "Myanmar": -0.7255893527296657,
    "Namibia": 0.036403104061715104,
    "Nepal": -0.6387989496044317,
    "Netherlands": 1.126893209824356,
    "New Caledonia": -0.1421985539884313,
    "New Zealand": 0.1427374020606319,
    "Nicaragua": -1.0270745275067383,
    "Niger": -0.20635236557253242,
    "Nigeria": 0.455186937959254,
    "North Korea": -0.5659786302311848,
    "North Macedonia": -0.05581884865131978,
    "Northern Ireland": 0.2268914452311764,
    "Norway": 0.9243963408373024,
    "Oman": -0.257155841160463,
    "Pakistan": -0.9834292164985182,
    "Palestine": -0.26725681674677865,
    "Panama": 0.3308995051363087,
    "Papua New Guinea": -0.3239252137477428,
    "Paraguay": 0.4280498031642933,
    "Peru": 0.3399945522128609,
    "Philippines": -0.886387749146857,
    "Poland": 0.7071819864543802,
    "Portugal": 1.1726537188391588,
    "Puerto Rico": -0.7461518770740738,
    "Qatar": 0.42058143371594703,
    "Republic of Ireland": 0.39433996472079313,
    "Romania": 0.4507318632253458,
    "Russia": 0.710628012651279,
    "Rwanda": -0.023207841697052298,
    "Saint Kitts and Nevis": -0.43996301143771804,
    "Saint Lucia": -0.07901413430886187,
    "Saint Vincent and the Grenadines": 0.0014308508184306859,
    "Samoa": -0.255283719874716,
    "San Marino": -1.6902309365856147,
    "Saudi Arabia": 0.14591694609237738,
    "Scotland": 0.6040647152476218,
    "Senegal": 0.6172650965524634,
    "Serbia": 0.7661008500132145,
    "Seychelles": -0.8059049011027948,
    "Sierra Leone": -0.02757808849761975,
    "Singapore": -1.1320329108208087,
    "Sint Maarten": -0.8979020129668203,
    "Slovakia": 0.42354988046997577,
    "Slovenia": 0.16696166964346745,
    "Solomon Islands": -0.5296523153162213,
    "Somalia": -0.06626594569256437,
    "South Africa": 0.19656374250890538,
    "South Korea": 0.5817521645780593,
    "South Sudan": -0.48181310237856134,
    "Spain": 1.261017420143372,
    "Sri Lanka": -0.6012343196182963,
    "Sudan": -0.5309359457428813,
    "Suriname": -0.989244559051851,
    "Sweden": 0.780559109333533,
    "Switzerland": 0.9828217116457014,
    "Syria": -0.2318706832874562,
    "S\u00e3o Tom\u00e9 and Pr\u00edncipe": -0.2514660939315403,
    "Tahiti": -0.6571102944436356,
    "Taiwan": -0.25146847460949556,
    "Tajikistan": -0.7132254491432702,
    "Tanzania": -0.639958359479796,
    "Thailand": -0.35861394967967586,
    "Togo": 0.03900658227444285,
    "Trinidad and Tobago": -1.1952185268009081,
    "Tunisia": 0.4542741326992674,
    "Turkey": 0.8156946908620766,
    "Turkmenistan": -0.4094300929980202,
    "Turks and Caicos Islands": -0.42476940994538404,
    "Uganda": 0.30546058566193895,
    "Ukraine": 0.6251367782001988,
    "United Arab Emirates": 0.14754761615605688,
    "United States": 0.7375414001447425,
    "United States Virgin Islands": -0.25777598199045554,
    "Uruguay": 0.8105162899950521,
    "Uzbekistan": 0.347793230053904,
    "Vanuatu": -0.4518528318358188,
    "Venezuela": 0.6030341787988653,
    "Vietnam": -0.038575317999554604,
    "Wales": 0.3659001269199281,
    "Yemen": -0.8322000859111848,
    "Zambia": 0.6042566892432787,
    "Zimbabwe": 0.24858646527425982
  },
  "defense": {
    "Afghanistan": -0.7806792010251485,
    "Albania": 0.4219024198507302,